{"^BVSP": 105002.8125, "AALR3.SA": 11.789999961853027, "ABCB4.SA": 14.359999656677246, "ABEV3.SA": 14.65999984741211, "ADHM3.SA": 2.2699999809265137, "AGRO3.SA": 21.479999542236328, "ALPA3.SA": 26.25, "ALPA4.SA": 31.34000015258789, "ALSO3.SA": 28.200000762939453, "ALUP11.SA": 24.309999465942383, "AMAR3.SA": 8.180000305175781, "ANIM3.SA": 29.3799991607666, "APER3.SA": 31.549999237060547, "ARZZ3.SA": 51.59000015258789, "AZUL4.SA": 21.010000228881836, "B3SA3.SA": 64.29000091552734, "BAHI3.SA": 129.0, "BBAS3.SA": 34.650001525878906, "BBDC3.SA": 21.459999084472656, "BBDC4.SA": 23.559999465942383, "BBRK3.SA": 2.3299999237060547, "BBSE3.SA": 28.06999969482422}