{"^BVSP": 105008.703125, "AALR3.SA": 11.720000267028809, "ABCB4.SA": 14.300000190734863, "ABEV3.SA": 14.550000190734863, "ADHM3.SA": 2.2200000286102295, "AGRO3.SA": 21.950000762939453, "ALPA3.SA": 26.399999618530273, "ALPA4.SA": 31.25, "ALSO3.SA": 28.260000228881836, "ALUP11.SA": 24.670000076293945, "AMAR3.SA": 8.199999809265137, "ANIM3.SA": 29.25, "APER3.SA": 31.899999618530273, "ARZZ3.SA": 51.9900016784668, "AZUL4.SA": 21.020000457763672, "B3SA3.SA": 64.61000061035156, "BAHI3.SA": 129.0, "BBAS3.SA": 34.79999923706055, "BBDC3.SA": 21.5, "BBDC4.SA": 23.40999984741211, "BBRK3.SA": 2.3299999237060547, "BBSE3.SA": 28.06999969482422}