{"^BVSP": 99999, "AALR3.SA": 11.770000457763672, "ABCB4.SA": 14.359999656677246, "ABEV3.SA": 14.640000343322754, "ADHM3.SA": 2.2699999809265137, "AGRO3.SA": 21.479999542236328, "ALPA3.SA": 26.25, "ALPA4.SA": 31.329999923706055, "ALSO3.SA": 28.15999984741211, "ALUP11.SA": 24.290000915527344, "AMAR3.SA": 8.170000076293945, "ANIM3.SA": 29.350000381469727, "APER3.SA": 31.549999237060547, "ARZZ3.SA": 51.58000183105469, "AZUL4.SA": 21.0, "B3SA3.SA": 64.27999877929688, "BAHI3.SA": 129.0, "BBAS3.SA": 34.63999938964844, "BBDC3.SA": 21.450000762939453, "BBDC4.SA": 23.530000686645508, "BBRK3.SA": 2.3299999237060547, "BBSE3.SA": 28.059999465942383}